{"validator": "0169e1552a97843ff2ef4318e8a028a9f4ed0c16b3d96f6a6eee21e6ca0d4022bc", "score": 33, "timestamp": 1768859866, "details": {"concentration": 0.7451753158075908, "volatility": 0.08417364566285068, "unstake_spike": 0.12111664114388535}}